Name,Email,Password,Phone,Rating,Skills,ServiceArea
Edward Flores,edward.flores69@yahoo.com,pro123,(457) 308-9566,3.7,2,New York, NY
Christopher Brown,christopher.brown69@gmail.com,work123,(574) 435-5316,4.9,4,Phoenix, AZ
Gary Allen,gary.allen13@outlook.com,password123,(380) 837-4796,4.1,4,San Jose, CA
Kevin Martinez,kevin.martinez88@hotmail.com,pro123,(659) 415-1676,3.6,4,Philadelphia, PA
Christopher Davis,christopher.davis57@outlook.com,provider123,(813) 810-6577,4.6,3,San Diego, CA
Jason Williams,jason.williams90@gmail.com,job123,(214) 892-7195,4.8,4,Dallas, TX
James Sanchez,james.sanchez58@hotmail.com,provider123,(610) 456-3847,3.9,3,San Antonio, TX
Paul Robinson,paul.robinson42@hotmail.com,fix123,(942) 634-6387,3.8,4,New York, NY
Scott Lopez,scott.lopez21@hotmail.com,skill123,(546) 920-4449,5,3,Philadelphia, PA
Justin Harris,justin.harris92@yahoo.com,job123,(233) 833-7454,3.8,4,Dallas, TX
Andrew Jackson,andrew.jackson28@outlook.com,job123,(300) 785-9518,4.8,3,Houston, TX
Anthony Flores,anthony.flores96@hotmail.com,skill123,(783) 356-9860,4.9,3,San Jose, CA
James Clark,james.clark33@gmail.com,repair123,(481) 676-3850,4.2,3,Dallas, TX
Scott Smith,scott.smith82@gmail.com,fix123,(883) 805-8841,4.6,2,San Jose, CA
Michael Lewis,michael.lewis87@gmail.com,skill123,(948) 434-7155,3.6,4,New York, NY
Robert Robinson,robert.robinson11@gmail.com,provider123,(721) 217-1527,5,2,New York, NY
Stephen Gonzalez,stephen.gonzalez39@yahoo.com,password123,(607) 716-2047,4.4,4,Phoenix, AZ
James Thomas,james.thomas87@hotmail.com,help123,(436) 809-8282,4.6,2,San Antonio, TX
Timothy Allen,timothy.allen88@yahoo.com,repair123,(662) 457-2603,3.8,2,Houston, TX
Donald Hill,donald.hill77@gmail.com,job123,(992) 858-2885,3.6,3,San Diego, CA
Jeffrey Wilson,jeffrey.wilson31@hotmail.com,password123,(419) 597-6043,3.7,4,Chicago, IL
Ronald Robinson,ronald.robinson69@yahoo.com,fix123,(326) 293-9222,3.6,2,Philadelphia, PA
Richard Taylor,richard.taylor14@gmail.com,fix123,(304) 385-6116,3.6,2,Houston, TX
Nicholas Williams,nicholas.williams18@outlook.com,pro123,(652) 200-4379,3.7,4,Dallas, TX
Daniel Jackson,daniel.jackson72@hotmail.com,fix123,(736) 838-8641,4.7,3,Los Angeles, CA
Kevin Hernandez,kevin.hernandez87@outlook.com,pro123,(434) 484-4608,4.8,3,Chicago, IL
Andrew Lopez,andrew.lopez53@yahoo.com,fix123,(464) 488-8282,3.6,2,Houston, TX
David Scott,david.scott27@outlook.com,repair123,(852) 742-6144,4.2,2,Los Angeles, CA
Eric Taylor,eric.taylor97@hotmail.com,help123,(217) 898-2640,4.7,2,Chicago, IL
James Hill,james.hill84@outlook.com,password123,(526) 545-1548,4.6,2,Dallas, TX
Jeffrey Clark,jeffrey.clark54@gmail.com,work123,(749) 806-5633,3.8,4,Phoenix, AZ
Anthony Smith,anthony.smith96@outlook.com,service123,(697) 313-6731,4,4,New York, NY
Kevin Miller,kevin.miller20@hotmail.com,job123,(281) 982-2772,3.8,3,Dallas, TX
Mark Jackson,mark.jackson66@gmail.com,skill123,(857) 429-4321,4.6,4,San Jose, CA
Donald Williams,donald.williams40@hotmail.com,fix123,(310) 951-2320,4.8,4,Los Angeles, CA
Joseph Thompson,joseph.thompson38@outlook.com,job123,(365) 416-2500,4.3,3,Chicago, IL
Larry Young,larry.young31@gmail.com,skill123,(247) 722-6495,4.2,2,New York, NY
Eric Scott,eric.scott53@gmail.com,provider123,(761) 641-6383,3.9,4,San Diego, CA
David Robinson,david.robinson65@outlook.com,provider123,(683) 680-5975,4.3,3,New York, NY
Richard Wright,richard.wright57@gmail.com,help123,(593) 369-9647,4,4,Houston, TX